[
  {
    "id": "a3467436-f7ad-4ace-8833-2f31ced59c61",
    "data": [
      {
        "text": "I want to apply",
        "userDefined": false
      }
    ],
    "isTemplate": false,
    "count": 0,
    "updated": 0
  },
  {
    "id": "2a96b511-8f4c-4ed4-abe4-0543e9ae52de",
    "data": [
      {
        "text": "Apply at MUT?",
        "userDefined": false
      }
    ],
    "isTemplate": false,
    "count": 0,
    "updated": 0
  },
  {
    "id": "f0db1719-5f27-4ee6-ab57-5375360589cb",
    "data": [
      {
        "text": "How to Apply at MUT?",
        "userDefined": false
      }
    ],
    "isTemplate": false,
    "count": 0,
    "updated": 0
  }
]