[
  {
    "id": "1e910195-417c-4a58-bf28-bb2362b61e99",
    "data": [
      {
        "text": " ",
        "userDefined": false
      },
      {
        "text": "Agriculture",
        "alias": "Natural_Science_Course",
        "meta": "@Natural_Science_Course",
        "userDefined": true
      }
    ],
    "isTemplate": false,
    "count": 0,
    "updated": 0
  },
  {
    "id": "a0915b83-610f-4ada-8dc4-7f62f18493f5",
    "data": [
      {
        "text": " ",
        "userDefined": false
      },
      {
        "text": "Diploma in Agriculture",
        "alias": "Natural_Science_Course",
        "meta": "@Natural_Science_Course",
        "userDefined": false
      }
    ],
    "isTemplate": false,
    "count": 0,
    "updated": 0
  }
]