[
  {
    "id": "eb5d23b4-41c3-4a27-a49b-6f6ec01abbd6",
    "data": [
      {
        "text": "Biomedical Technology",
        "userDefined": false
      }
    ],
    "isTemplate": false,
    "count": 0,
    "updated": 0
  },
  {
    "id": "01e577c0-a886-484b-b766-cbc703e31dcd",
    "data": [
      {
        "text": "Diploma in ",
        "userDefined": false
      },
      {
        "text": "Biomedical Technology",
        "alias": "Natural_Science_Course",
        "meta": "@Natural_Science_Course",
        "userDefined": false
      }
    ],
    "isTemplate": false,
    "count": 0,
    "updated": 0
  }
]