[
  {
    "id": "99a12e93-6dc4-4254-8d67-d2e868ab093d",
    "data": [
      {
        "text": "Diploma in Agriculture in Animal Production",
        "alias": "Natural_Science_Course",
        "meta": "@Natural_Science_Course",
        "userDefined": true
      }
    ],
    "isTemplate": false,
    "count": 0,
    "updated": 0
  },
  {
    "id": "5aabd339-e4c4-4fcb-9407-cb429f21e069",
    "data": [
      {
        "text": "Agriculture in Animal Production",
        "alias": "Natural_Science_Course",
        "meta": "@Natural_Science_Course",
        "userDefined": false
      }
    ],
    "isTemplate": false,
    "count": 0,
    "updated": 0
  },
  {
    "id": "0ae42ff8-d16f-4e59-875a-2437e51cbd6a",
    "data": [
      {
        "text": "Animal Production",
        "alias": "Natural_Science_Course",
        "meta": "@Natural_Science_Course",
        "userDefined": true
      }
    ],
    "isTemplate": false,
    "count": 0,
    "updated": 0
  }
]