[
  {
    "id": "ef673c08-9a86-4995-b4b8-86e913847617",
    "data": [
      {
        "text": "Chemistry",
        "alias": "Natural_Science_Course",
        "meta": "@Natural_Science_Course",
        "userDefined": true
      }
    ],
    "isTemplate": false,
    "count": 0,
    "updated": 0
  },
  {
    "id": "5ad41fbc-4131-4298-bd08-0750fd2cd91a",
    "data": [
      {
        "text": "Analytical Chemistry",
        "alias": "Natural_Science_Course",
        "meta": "@Natural_Science_Course",
        "userDefined": true
      }
    ],
    "isTemplate": false,
    "count": 0,
    "updated": 0
  },
  {
    "id": "ed0ecdaf-824c-4ae2-8a84-7b391106557b",
    "data": [
      {
        "text": "Diploma in Analytical Chemistry",
        "alias": "Natural_Science_Course",
        "meta": "@Natural_Science_Course",
        "userDefined": false
      }
    ],
    "isTemplate": false,
    "count": 1,
    "updated": 0
  }
]