[
  {
    "id": "6518f2ab-b368-4d0e-81ea-04b76d35bdc9",
    "data": [
      {
        "text": "IT",
        "alias": "Natural_Science_Course",
        "meta": "@Natural_Science_Course",
        "userDefined": true
      }
    ],
    "isTemplate": false,
    "count": 0,
    "updated": 0
  },
  {
    "id": "e9f67075-3662-483a-ab61-60d021966947",
    "data": [
      {
        "text": "Information Technology",
        "alias": "Natural_Science_Course",
        "meta": "@Natural_Science_Course",
        "userDefined": true
      }
    ],
    "isTemplate": false,
    "count": 0,
    "updated": 0
  },
  {
    "id": "f965a4d1-65cc-49ea-ad86-5920940acc09",
    "data": [
      {
        "text": "Diploma in Information Technology",
        "alias": "Natural_Science_Course",
        "meta": "@Natural_Science_Course",
        "userDefined": true
      }
    ],
    "isTemplate": false,
    "count": 0,
    "updated": 0
  }
]