[
  {
    "id": "3d00ef53-eb33-4f2a-8787-68532164fb8f",
    "data": [
      {
        "text": "What courses you have?",
        "userDefined": false
      }
    ],
    "isTemplate": false,
    "count": 0,
    "updated": 0
  },
  {
    "id": "7538406b-2dbe-4b15-a395-6fd05d643ff8",
    "data": [
      {
        "text": "I\u0027d like to know more about courses offered at MUT",
        "userDefined": false
      }
    ],
    "isTemplate": false,
    "count": 0,
    "updated": 0
  },
  {
    "id": "f290bf7c-5860-4804-afc3-2467218b53bc",
    "data": [
      {
        "text": "What courses are offered at MUT?",
        "userDefined": false
      }
    ],
    "isTemplate": false,
    "count": 0,
    "updated": 0
  }
]