[
  {
    "id": "c20253a9-5b84-4204-a27e-504404bdce82",
    "data": [
      {
        "text": "Faculty of Engineering",
        "alias": "Faculity_of_Engineering",
        "meta": "@Faculity_of_Engineering",
        "userDefined": true
      }
    ],
    "isTemplate": false,
    "count": 0,
    "updated": 0
  },
  {
    "id": "3bcce65a-9fea-4ed9-87dc-8084750692cc",
    "data": [
      {
        "text": "Engineering",
        "alias": "Faculity_of_Engineering",
        "meta": "@Faculity_of_Engineering",
        "userDefined": true
      }
    ],
    "isTemplate": false,
    "count": 0,
    "updated": 0
  }
]