[
  {
    "id": "4235b0e8-bcb0-4fe3-acc0-c6a9a1cd88cb",
    "data": [
      {
        "text": "NS",
        "alias": "Natural_Science_Course",
        "meta": "@Natural_Science_Course",
        "userDefined": true
      }
    ],
    "isTemplate": false,
    "count": 0,
    "updated": 0
  },
  {
    "id": "b40a13a6-1594-4338-a3cf-6930331ba43a",
    "data": [
      {
        "text": "Natural",
        "alias": "Natural_Science_Course",
        "meta": "@Natural_Science_Course",
        "userDefined": true
      }
    ],
    "isTemplate": false,
    "count": 0,
    "updated": 0
  },
  {
    "id": "ce8bd248-b1c3-4c52-9892-4e23db82e425",
    "data": [
      {
        "text": "Natural Sciences",
        "alias": "Natural_Science_Course",
        "meta": "@Natural_Science_Course",
        "userDefined": true
      }
    ],
    "isTemplate": false,
    "count": 0,
    "updated": 0
  },
  {
    "id": "e2ad2aee-b237-49fa-a775-28f1be0f077a",
    "data": [
      {
        "text": "Faculty of Natural Sciences",
        "alias": "Natural_Science_Course",
        "meta": "@Natural_Science_Course",
        "userDefined": true
      }
    ],
    "isTemplate": false,
    "count": 0,
    "updated": 0
  }
]