[
  {
    "id": "84cd5bd4-3af6-4bb5-a337-701a5be7e1ed",
    "data": [
      {
        "text": "Management",
        "alias": "Management_Science",
        "meta": "@Management_Science",
        "userDefined": true
      }
    ],
    "isTemplate": false,
    "count": 0,
    "updated": 0
  },
  {
    "id": "1af926ad-1618-4c26-bba5-3129e8c1cc88",
    "data": [
      {
        "text": "Faculty of Management Science",
        "alias": "Management_Science",
        "meta": "@Management_Science",
        "userDefined": true
      }
    ],
    "isTemplate": false,
    "count": 0,
    "updated": 0
  },
  {
    "id": "6c65a1ac-3784-447d-b3c9-5263cea78ec9",
    "data": [
      {
        "text": "Management Science",
        "alias": "Management_Science",
        "meta": "@Management_Science",
        "userDefined": true
      }
    ],
    "isTemplate": false,
    "count": 0,
    "updated": 0
  }
]