[
  {
    "value": "Diploma in Building",
    "synonyms": [
      "Diploma in Building"
    ]
  },
  {
    "value": "Diploma in Chemical Engineering",
    "synonyms": [
      "Diploma in Chemical Engineering"
    ]
  },
  {
    "value": "Diploma in Civil Engineering",
    "synonyms": [
      "Diploma in Civil Engineering"
    ]
  },
  {
    "value": "Diploma in Electrical Engineering",
    "synonyms": [
      "Diploma in Electrical Engineering"
    ]
  },
  {
    "value": "Diploma in Mechanical Engineering",
    "synonyms": [
      "Diploma in Mechanical Engineering"
    ]
  },
  {
    "value": "Diploma in Surveying",
    "synonyms": [
      "Diploma in Surveying"
    ]
  }
]