[
  {
    "value": "Advanced Diploma in Human Resource Management",
    "synonyms": [
      "Advanced Diploma in Human Resource Management"
    ]
  },
  {
    "value": "Advanced Diploma in Office Management and Technology",
    "synonyms": [
      "Advanced Diploma in Office Management and Technology"
    ]
  },
  {
    "value": "Diploma in Accounting",
    "synonyms": [
      "Diploma in Accounting"
    ]
  },
  {
    "value": "Diploma in Cost and Management Accounting",
    "synonyms": [
      "Diploma in Cost and Management Accounting"
    ]
  },
  {
    "value": "Diploma in Human Resource Management",
    "synonyms": [
      "Diploma in Human Resource Management"
    ]
  },
  {
    "value": "Diploma in Office Management and Technology",
    "synonyms": [
      "Diploma in Office Management and Technology"
    ]
  },
  {
    "value": "Diploma in Public Finance and Accounting",
    "synonyms": [
      "Diploma in Public Finance"
    ]
  },
  {
    "value": "Diploma in Public Management.",
    "synonyms": [
      "Diploma in Public Management."
    ]
  }
]