[
  {
    "value": "Advanced Diploma in Nature Conservation",
    "synonyms": [
      "Advanced Diploma in Nature Conservation"
    ]
  },
  {
    "value": "Bachelor of Science in Environmental Health",
    "synonyms": [
      "Bachelor of Science in Environmental Health"
    ]
  },
  {
    "value": "Bachelor of Science in Medical Laboratory Sciences",
    "synonyms": [
      "Bachelor of Science in Medical Laboratory Sciences"
    ]
  },
  {
    "value": "Diploma in Agriculture",
    "synonyms": [
      "Diploma in Agriculture"
    ]
  },
  {
    "value": "Diploma in Agriculture in Animal Production",
    "synonyms": [
      "Agriculture in Animal Production"
    ]
  },
  {
    "value": "Diploma in Analytical Chemistry",
    "synonyms": [
      "Diploma in Analytical Chemistry"
    ]
  },
  {
    "value": "Diploma in Biomedical Technology",
    "synonyms": [
      "Biomedical Technology"
    ]
  },
  {
    "value": "Diploma in Community Extension",
    "synonyms": [
      "Diploma in Community Extension"
    ]
  },
  {
    "value": "Diploma in Environmental Health",
    "synonyms": [
      "Diploma in Environmental Health"
    ]
  },
  {
    "value": "Diploma in Information Technology",
    "synonyms": [
      "Diploma in Information Technology"
    ]
  },
  {
    "value": "Diploma in Nature Conservation",
    "synonyms": [
      "Diploma in Nature Conservation"
    ]
  },
  {
    "value": "Master of Nature Conservation",
    "synonyms": [
      "Master of Nature Conservation"
    ]
  },
  {
    "value": "Postgraduate Diploma in Nature Conservation",
    "synonyms": [
      "Postgraduate Diploma in Nature Conservation"
    ]
  }
]